-- phpMyAdmin SQL Dump
-- version 5.2.1
-- https://www.phpmyadmin.net/
--
-- Host: 127.0.0.1
-- Generation Time: Oct 15, 2025 at 08:10 AM
-- Server version: 10.4.32-MariaDB
-- PHP Version: 8.2.12

SET SQL_MODE = "NO_AUTO_VALUE_ON_ZERO";
START TRANSACTION;
SET time_zone = "+00:00";


/*!40101 SET @OLD_CHARACTER_SET_CLIENT=@@CHARACTER_SET_CLIENT */;
/*!40101 SET @OLD_CHARACTER_SET_RESULTS=@@CHARACTER_SET_RESULTS */;
/*!40101 SET @OLD_COLLATION_CONNECTION=@@COLLATION_CONNECTION */;
/*!40101 SET NAMES utf8mb4 */;

--
-- Database: `timetrack`
--

-- --------------------------------------------------------

--
-- Table structure for table `attendance_records`
--

CREATE TABLE `attendance_records` (
  `record_id` int(11) NOT NULL,
  `employee_id` int(11) NOT NULL,
  `time_in` datetime DEFAULT NULL,
  `time_out` datetime DEFAULT NULL,
  `status` enum('Present','Late','Absent') NOT NULL DEFAULT 'Absent',
  `date` date NOT NULL
) ENGINE=InnoDB DEFAULT CHARSET=utf8mb4 COLLATE=utf8mb4_unicode_ci;

--
-- Dumping data for table `attendance_records`
--

INSERT INTO `attendance_records` (`record_id`, `employee_id`, `time_in`, `time_out`, `status`, `date`) VALUES
(1, 10000, '2025-10-13 08:00:00', '2025-10-13 17:00:00', 'Present', '2025-10-13'),
(2, 10001, '2025-10-13 08:00:00', '2025-10-13 17:00:00', 'Present', '2025-10-13'),
(3, 10002, '2025-10-13 08:00:00', '2025-10-13 17:00:00', 'Present', '2025-10-13'),
(4, 10003, '2025-10-13 08:00:00', NULL, 'Present', '2025-10-13'),
(5, 10004, '2025-10-13 08:00:00', NULL, 'Present', '2025-10-13'),
(6, 10005, '2025-10-13 09:15:00', NULL, 'Late', '2025-10-13'),
(7, 10006, '2025-10-13 09:15:00', NULL, 'Late', '2025-10-13'),
(8, 10007, '2025-10-13 09:30:00', '2025-10-13 17:00:00', 'Late', '2025-10-13'),
(9, 10000, '2025-10-10 08:00:00', '2025-10-10 17:00:00', 'Present', '2025-10-10'),
(10, 10001, '2025-10-10 08:00:00', '2025-10-10 17:00:00', 'Present', '2025-10-10'),
(11, 10002, '2025-10-10 08:00:00', '2025-10-10 17:00:00', 'Present', '2025-10-10'),
(12, 10003, '2025-10-10 08:00:00', '2025-10-10 17:00:00', 'Present', '2025-10-10'),
(13, 10004, '2025-10-10 08:00:00', '2025-10-10 17:00:00', 'Present', '2025-10-10'),
(14, 10005, '2025-10-10 09:00:00', '2025-10-10 17:00:00', 'Late', '2025-10-10'),
(15, 10006, '2025-10-10 08:00:00', '2025-10-10 17:00:00', 'Present', '2025-10-10'),
(16, 10001, '2025-10-09 08:00:00', '2025-10-09 17:00:00', 'Present', '2025-10-09'),
(17, 10003, '2025-10-09 08:00:00', '2025-10-09 17:00:00', 'Present', '2025-10-09'),
(18, 10004, '2025-10-09 08:00:00', '2025-10-09 17:00:00', 'Present', '2025-10-09'),
(19, 10005, '2025-10-09 08:00:00', '2025-10-09 17:00:00', 'Present', '2025-10-09'),
(20, 10006, '2025-10-09 09:00:00', '2025-10-09 17:00:00', 'Late', '2025-10-09'),
(21, 10000, '2025-10-08 08:00:00', '2025-10-08 17:00:00', 'Present', '2025-10-08'),
(22, 10001, '2025-10-08 08:00:00', '2025-10-08 17:00:00', 'Present', '2025-10-08'),
(23, 10002, '2025-10-08 08:00:00', '2025-10-08 17:00:00', 'Present', '2025-10-08'),
(24, 10003, '2025-10-08 08:00:00', '2025-10-08 17:00:00', 'Present', '2025-10-08'),
(25, 10004, '2025-10-08 09:00:00', '2025-10-08 17:00:00', 'Late', '2025-10-08'),
(26, 10005, '2025-10-08 08:00:00', '2025-10-08 17:00:00', 'Present', '2025-10-08'),
(27, 10006, '2025-10-08 08:00:00', '2025-10-08 17:00:00', 'Present', '2025-10-08'),
(28, 10000, '2025-10-07 08:00:00', '2025-10-07 17:00:00', 'Present', '2025-10-07'),
(29, 10001, '2025-10-07 08:00:00', '2025-10-07 17:00:00', 'Present', '2025-10-07'),
(30, 10002, '2025-10-07 08:00:00', '2025-10-07 17:00:00', 'Present', '2025-10-07'),
(31, 10003, '2025-10-07 08:00:00', '2025-10-07 17:00:00', 'Present', '2025-10-07'),
(32, 10004, '2025-10-07 08:00:00', '2025-10-07 17:00:00', 'Present', '2025-10-07'),
(33, 10005, '2025-10-07 08:00:00', '2025-10-07 17:00:00', 'Present', '2025-10-07'),
(34, 10006, '2025-10-07 08:00:00', '2025-10-07 17:00:00', 'Present', '2025-10-07'),
(35, 10000, '2025-10-06 08:00:00', '2025-10-06 17:00:00', 'Present', '2025-10-06'),
(36, 10001, '2025-10-06 08:00:00', '2025-10-06 17:00:00', 'Present', '2025-10-06'),
(37, 10002, '2025-10-06 08:00:00', '2025-10-06 17:00:00', 'Present', '2025-10-06'),
(38, 10003, '2025-10-06 08:00:00', '2025-10-06 17:00:00', 'Present', '2025-10-06'),
(39, 10004, '2025-10-06 08:00:00', '2025-10-06 17:00:00', 'Present', '2025-10-06'),
(40, 10005, '2025-10-06 08:00:00', '2025-10-06 17:00:00', 'Present', '2025-10-06'),
(41, 10006, '2025-10-06 08:00:00', '2025-10-06 17:00:00', 'Present', '2025-10-06'),
(42, 10000, '2025-10-03 08:00:00', '2025-10-03 17:00:00', 'Present', '2025-10-03'),
(43, 10001, '2025-10-03 08:00:00', '2025-10-03 17:00:00', 'Present', '2025-10-03'),
(44, 10002, '2025-10-03 08:00:00', '2025-10-03 17:00:00', 'Present', '2025-10-03'),
(45, 10003, '2025-10-03 08:00:00', '2025-10-03 17:00:00', 'Present', '2025-10-03'),
(46, 10004, '2025-10-03 09:00:00', '2025-10-03 17:00:00', 'Late', '2025-10-03'),
(47, 10005, '2025-10-03 08:00:00', '2025-10-03 17:00:00', 'Present', '2025-10-03'),
(48, 10006, '2025-10-03 08:00:00', '2025-10-03 17:00:00', 'Present', '2025-10-03'),
(49, 10000, '2025-10-02 08:00:00', '2025-10-02 17:00:00', 'Present', '2025-10-02'),
(50, 10002, '2025-10-02 09:00:00', '2025-10-02 17:00:00', 'Late', '2025-10-02'),
(51, 10003, '2025-10-02 08:00:00', '2025-10-02 17:00:00', 'Present', '2025-10-02'),
(52, 10004, '2025-10-02 08:00:00', '2025-10-02 17:00:00', 'Present', '2025-10-02'),
(53, 10005, '2025-10-02 09:00:00', '2025-10-02 17:00:00', 'Late', '2025-10-02'),
(54, 10006, '2025-10-02 08:00:00', '2025-10-02 17:00:00', 'Present', '2025-10-02'),
(55, 10000, '2025-10-01 08:00:00', '2025-10-01 17:00:00', 'Present', '2025-10-01'),
(56, 10001, '2025-10-01 08:00:00', '2025-10-01 17:00:00', 'Present', '2025-10-01'),
(57, 10002, '2025-10-01 08:00:00', '2025-10-01 17:00:00', 'Present', '2025-10-01'),
(58, 10003, '2025-10-01 08:00:00', '2025-10-01 17:00:00', 'Present', '2025-10-01'),
(59, 10004, '2025-10-01 08:00:00', '2025-10-01 17:00:00', 'Present', '2025-10-01'),
(60, 10005, '2025-10-01 08:00:00', '2025-10-01 17:00:00', 'Present', '2025-10-01'),
(61, 10000, '2025-09-30 08:00:00', '2025-09-30 17:00:00', 'Present', '2025-09-30'),
(62, 10001, '2025-09-30 08:00:00', '2025-09-30 17:00:00', 'Present', '2025-09-30'),
(63, 10002, '2025-09-30 08:00:00', '2025-09-30 17:00:00', 'Present', '2025-09-30'),
(64, 10003, '2025-09-30 08:00:00', '2025-09-30 17:00:00', 'Present', '2025-09-30'),
(65, 10004, '2025-09-30 08:00:00', '2025-09-30 17:00:00', 'Present', '2025-09-30'),
(66, 10005, '2025-09-30 08:00:00', '2025-09-30 17:00:00', 'Present', '2025-09-30'),
(67, 10006, '2025-09-30 08:00:00', '2025-09-30 17:00:00', 'Present', '2025-09-30'),
(68, 10000, '2025-09-29 08:00:00', '2025-09-29 17:00:00', 'Present', '2025-09-29'),
(69, 10001, '2025-09-29 08:00:00', '2025-09-29 17:00:00', 'Present', '2025-09-29'),
(70, 10002, '2025-09-29 08:00:00', '2025-09-29 17:00:00', 'Present', '2025-09-29'),
(71, 10003, '2025-09-29 08:00:00', '2025-09-29 17:00:00', 'Present', '2025-09-29'),
(72, 10004, '2025-09-29 09:00:00', '2025-09-29 17:00:00', 'Late', '2025-09-29'),
(73, 10005, '2025-09-29 09:00:00', '2025-09-29 17:00:00', 'Late', '2025-09-29'),
(74, 10006, '2025-09-29 08:00:00', '2025-09-29 17:00:00', 'Present', '2025-09-29'),
(75, 10000, '2025-09-26 08:00:00', '2025-09-26 17:00:00', 'Present', '2025-09-26'),
(76, 10001, '2025-09-26 08:00:00', '2025-09-26 17:00:00', 'Present', '2025-09-26'),
(77, 10002, '2025-09-26 08:00:00', '2025-09-26 17:00:00', 'Present', '2025-09-26'),
(78, 10003, '2025-09-26 08:00:00', '2025-09-26 17:00:00', 'Present', '2025-09-26'),
(79, 10004, '2025-09-26 08:00:00', '2025-09-26 17:00:00', 'Present', '2025-09-26'),
(80, 10005, '2025-09-26 08:00:00', '2025-09-26 17:00:00', 'Present', '2025-09-26'),
(81, 10006, '2025-09-26 08:00:00', '2025-09-26 17:00:00', 'Present', '2025-09-26'),
(82, 10000, '2025-09-25 08:00:00', '2025-09-25 17:00:00', 'Present', '2025-09-25'),
(83, 10001, '2025-09-25 08:00:00', '2025-09-25 17:00:00', 'Present', '2025-09-25'),
(84, 10002, '2025-09-25 09:00:00', '2025-09-25 17:00:00', 'Late', '2025-09-25'),
(85, 10003, '2025-09-25 08:00:00', '2025-09-25 17:00:00', 'Present', '2025-09-25'),
(86, 10004, '2025-09-25 08:00:00', '2025-09-25 17:00:00', 'Present', '2025-09-25'),
(87, 10005, '2025-09-25 08:00:00', '2025-09-25 17:00:00', 'Present', '2025-09-25'),
(88, 10006, '2025-09-25 08:00:00', '2025-09-25 17:00:00', 'Present', '2025-09-25'),
(89, 10000, '2025-09-24 08:00:00', '2025-09-24 17:00:00', 'Present', '2025-09-24'),
(90, 10001, '2025-09-24 08:00:00', '2025-09-24 17:00:00', 'Present', '2025-09-24'),
(91, 10002, '2025-09-24 09:00:00', '2025-09-24 17:00:00', 'Late', '2025-09-24'),
(92, 10004, '2025-09-24 08:00:00', '2025-09-24 17:00:00', 'Present', '2025-09-24'),
(93, 10005, '2025-09-24 08:00:00', '2025-09-24 17:00:00', 'Present', '2025-09-24'),
(94, 10006, '2025-09-24 08:00:00', '2025-09-24 17:00:00', 'Present', '2025-09-24'),
(95, 10000, '2025-09-23 08:00:00', '2025-09-23 17:00:00', 'Present', '2025-09-23'),
(96, 10001, '2025-09-23 08:00:00', '2025-09-23 17:00:00', 'Present', '2025-09-23'),
(97, 10003, '2025-09-23 08:00:00', '2025-09-23 17:00:00', 'Present', '2025-09-23'),
(98, 10004, '2025-09-23 08:00:00', '2025-09-23 17:00:00', 'Present', '2025-09-23'),
(99, 10005, '2025-09-23 08:00:00', '2025-09-23 17:00:00', 'Present', '2025-09-23'),
(100, 10006, '2025-09-23 08:00:00', '2025-09-23 17:00:00', 'Present', '2025-09-23'),
(101, 10000, '2025-09-22 08:00:00', '2025-09-22 17:00:00', 'Present', '2025-09-22'),
(102, 10001, '2025-09-22 08:00:00', '2025-09-22 17:00:00', 'Present', '2025-09-22'),
(103, 10002, '2025-09-22 08:00:00', '2025-09-22 17:00:00', 'Present', '2025-09-22'),
(104, 10003, '2025-09-22 09:00:00', '2025-09-22 17:00:00', 'Late', '2025-09-22'),
(105, 10004, '2025-09-22 08:00:00', '2025-09-22 17:00:00', 'Present', '2025-09-22'),
(106, 10005, '2025-09-22 08:00:00', '2025-09-22 17:00:00', 'Present', '2025-09-22'),
(107, 10006, '2025-09-22 08:00:00', '2025-09-22 17:00:00', 'Present', '2025-09-22'),
(108, 10000, '2025-09-19 08:00:00', '2025-09-19 17:00:00', 'Present', '2025-09-19'),
(109, 10001, '2025-09-19 08:00:00', '2025-09-19 17:00:00', 'Present', '2025-09-19'),
(110, 10002, '2025-09-19 08:00:00', '2025-09-19 17:00:00', 'Present', '2025-09-19'),
(111, 10003, '2025-09-19 08:00:00', '2025-09-19 17:00:00', 'Present', '2025-09-19'),
(112, 10004, '2025-09-19 08:00:00', '2025-09-19 17:00:00', 'Present', '2025-09-19'),
(113, 10005, '2025-09-19 08:00:00', '2025-09-19 17:00:00', 'Present', '2025-09-19'),
(114, 10006, '2025-09-19 08:00:00', '2025-09-19 17:00:00', 'Present', '2025-09-19'),
(115, 10000, '2025-09-18 08:00:00', '2025-09-18 17:00:00', 'Present', '2025-09-18'),
(116, 10001, '2025-09-18 08:00:00', '2025-09-18 17:00:00', 'Present', '2025-09-18'),
(117, 10002, '2025-09-18 08:00:00', '2025-09-18 17:00:00', 'Present', '2025-09-18'),
(118, 10003, '2025-09-18 08:00:00', '2025-09-18 17:00:00', 'Present', '2025-09-18'),
(119, 10004, '2025-09-18 08:00:00', '2025-09-18 17:00:00', 'Present', '2025-09-18'),
(120, 10005, '2025-09-18 08:00:00', '2025-09-18 17:00:00', 'Present', '2025-09-18'),
(121, 10000, '2025-09-17 08:00:00', '2025-09-17 17:00:00', 'Present', '2025-09-17'),
(122, 10001, '2025-09-17 08:00:00', '2025-09-17 17:00:00', 'Present', '2025-09-17'),
(123, 10002, '2025-09-17 08:00:00', '2025-09-17 17:00:00', 'Present', '2025-09-17'),
(124, 10003, '2025-09-17 08:00:00', '2025-09-17 17:00:00', 'Present', '2025-09-17'),
(125, 10004, '2025-09-17 08:00:00', '2025-09-17 17:00:00', 'Present', '2025-09-17'),
(126, 10005, '2025-09-17 08:00:00', '2025-09-17 17:00:00', 'Present', '2025-09-17'),
(127, 10006, '2025-09-17 08:00:00', '2025-09-17 17:00:00', 'Present', '2025-09-17'),
(128, 10000, '2025-09-16 08:00:00', '2025-09-16 17:00:00', 'Present', '2025-09-16'),
(129, 10001, '2025-09-16 08:00:00', '2025-09-16 17:00:00', 'Present', '2025-09-16'),
(130, 10002, '2025-09-16 08:00:00', '2025-09-16 17:00:00', 'Present', '2025-09-16'),
(131, 10003, '2025-09-16 08:00:00', '2025-09-16 17:00:00', 'Present', '2025-09-16'),
(132, 10004, '2025-09-16 08:00:00', '2025-09-16 17:00:00', 'Present', '2025-09-16'),
(133, 10005, '2025-09-16 08:00:00', '2025-09-16 17:00:00', 'Present', '2025-09-16'),
(134, 10006, '2025-09-16 08:00:00', '2025-09-16 17:00:00', 'Present', '2025-09-16'),
(135, 10000, '2025-09-15 08:00:00', '2025-09-15 17:00:00', 'Present', '2025-09-15'),
(136, 10001, '2025-09-15 08:00:00', '2025-09-15 17:00:00', 'Present', '2025-09-15'),
(137, 10002, '2025-09-15 09:00:00', '2025-09-15 17:00:00', 'Late', '2025-09-15'),
(138, 10003, '2025-09-15 08:00:00', '2025-09-15 17:00:00', 'Present', '2025-09-15'),
(139, 10005, '2025-09-15 08:00:00', '2025-09-15 17:00:00', 'Present', '2025-09-15'),
(140, 10006, '2025-09-15 08:00:00', '2025-09-15 17:00:00', 'Present', '2025-09-15'),
(141, 10008, '2025-10-13 17:59:22', '2025-10-13 18:00:03', 'Late', '2025-10-13'),
(142, 10003, '2025-10-14 05:53:50', NULL, 'Present', '2025-10-14'),
(143, 10013, '2025-10-14 08:40:00', '2025-10-14 08:41:19', 'Late', '2025-10-14'),
(144, 10005, '2025-10-14 16:37:32', '2025-10-14 16:38:13', 'Late', '2025-10-14');

-- --------------------------------------------------------

--
-- Table structure for table `employees`
--

CREATE TABLE `employees` (
  `employee_id` int(11) NOT NULL,
  `full_name` varchar(100) NOT NULL,
  `position` varchar(50) NOT NULL,
  `department` varchar(50) NOT NULL,
  `image_path` varchar(255) DEFAULT NULL,
  `leave_credits` int(11) DEFAULT 15,
  `is_active` tinyint(1) DEFAULT 1,
  `created_at` timestamp NOT NULL DEFAULT current_timestamp()
) ENGINE=InnoDB DEFAULT CHARSET=utf8mb4 COLLATE=utf8mb4_unicode_ci;

--
-- Dumping data for table `employees`
--

INSERT INTO `employees` (`employee_id`, `full_name`, `position`, `department`, `image_path`, `leave_credits`, `is_active`, `created_at`) VALUES
(10000, 'John Smith', 'Software Engineer', 'IT', 'assets/employees/#10000.jpg', 18, 0, '2025-10-13 09:33:34'),
(10001, 'Jane Doe', 'Project Manager', 'IT', 'assets/employees/#10001.jpg', 15, 0, '2025-10-13 09:33:34'),
(10002, 'Mike Johnson', 'HR Manager', 'HR', 'assets/employees/#10002.jpg', 15, 0, '2025-10-13 09:33:34'),
(10003, 'Sarah Williams', 'Marketing Specialist', 'Marketing', 'assets\\employees\\#10003.jpg', 15, 1, '2025-10-13 09:33:34'),
(10004, 'David Brown', 'Sales Manager', 'Sales', 'assets/employees/#10004.jpg', 15, 0, '2025-10-13 09:33:34'),
(10005, 'Emily Davis', 'Accountant', 'Finance', 'assets/employees/#10005.jpg', 15, 1, '2025-10-13 09:33:34'),
(10006, 'Robert Wilson', 'Operations Manager', 'Operations', NULL, 15, 0, '2025-10-13 09:33:34'),
(10007, 'Lisa Soliver', 'Customer Service Rep', 'IT Support', NULL, 15, 1, '2025-10-13 09:33:34'),
(10008, 'James Taylor', 'Software Developer', 'IT', NULL, 15, 0, '2025-10-13 09:33:34'),
(10009, 'Jennifer Martinez', 'Business Analyst', 'IT', NULL, 14, 1, '2025-10-13 09:33:34'),
(10010, 'Jason D. Tesoro', 'IT coordinator', 'IT', NULL, 15, 1, '2025-10-13 09:56:19'),
(10011, 'Luis James D. Tesoro', 'Developer', 'CCE / IT', 'assets\\employees\\#10011.jpg', 15, 1, '2025-10-13 13:13:51'),
(10012, 'Sung jin woo', 'Shadow Monarch', 'Hunters Association', 'assets\\employees\\#10012.jpg', 15, 0, '2025-10-13 22:01:40'),
(10013, 'Sung Jin Woo', 'Shadow Monarch', 'Hunter Association', 'assets\\employees\\#10013.jpg', 15, 0, '2025-10-14 00:38:33'),
(10014, 'Jane Mae', 'Manager', 'Compsci', 'assets\\employees\\#10014.jpg', 15, 0, '2025-10-14 00:49:14'),
(10015, 'Lebrong James', 'Software', 'Engineer', 'assets\\employees\\#10015.jpg', 15, 1, '2025-10-14 05:46:32'),
(10016, 'Crist Toper', 'Developer', 'IT', 'assets\\employees\\#10016.jpg', 15, 1, '2025-10-14 08:42:48');

-- --------------------------------------------------------

--
-- Table structure for table `staff_users`
--

CREATE TABLE `staff_users` (
  `username` varchar(50) NOT NULL,
  `full_name` varchar(100) NOT NULL,
  `role` enum('Admin','Staff') NOT NULL,
  `position` varchar(50) NOT NULL,
  `password_hash` varchar(64) NOT NULL,
  `is_active` tinyint(1) DEFAULT 1
) ENGINE=InnoDB DEFAULT CHARSET=utf8mb4 COLLATE=utf8mb4_unicode_ci;

--
-- Dumping data for table `staff_users`
--

INSERT INTO `staff_users` (`username`, `full_name`, `role`, `position`, `password_hash`, `is_active`) VALUES
('admin', 'Administrator', 'Admin', 'Administrator', '240be518fabd2724ddb6f04eeb1da5967448d7e831c08c8fa822809f74c720a9', 1),
('beast', 'Mr Beast', 'Staff', 'Creator', 'a665a45920422f9d417e4867efdc4fb8a04a1f3fff1fa07e998e86f7f7a27ae3', 1),
('bords', 'Gerald Salas', 'Staff', 'Officer', 'a665a45920422f9d417e4867efdc4fb8a04a1f3fff1fa07e998e86f7f7a27ae3', 1),
('joe', 'Joe Mama', 'Staff', 'Manager', 'a665a45920422f9d417e4867efdc4fb8a04a1f3fff1fa07e998e86f7f7a27ae3', 1),
('Kym', 'Shiela Aquino', 'Staff', 'HR', 'a665a45920422f9d417e4867efdc4fb8a04a1f3fff1fa07e998e86f7f7a27ae3', 1),
('maria', 'Maria Leonora', 'Staff', 'Officer', 'a665a45920422f9d417e4867efdc4fb8a04a1f3fff1fa07e998e86f7f7a27ae3', 1),
('shiela', 'Shiela Pagidupon', 'Staff', 'HR', 'a665a45920422f9d417e4867efdc4fb8a04a1f3fff1fa07e998e86f7f7a27ae3', 1),
('trixia', 'Trixia D. Tesoro', 'Staff', 'Head', '03ac674216f3e15c761ee1a5e255f067953623c8b388b4459e13f978d7c846f4', 0);

--
-- Indexes for dumped tables
--

--
-- Indexes for table `attendance_records`
--
ALTER TABLE `attendance_records`
  ADD PRIMARY KEY (`record_id`),
  ADD KEY `idx_date` (`date`),
  ADD KEY `idx_employee_date` (`employee_id`,`date`);

--
-- Indexes for table `employees`
--
ALTER TABLE `employees`
  ADD PRIMARY KEY (`employee_id`),
  ADD KEY `idx_employee_id` (`employee_id`),
  ADD KEY `idx_is_active` (`is_active`),
  ADD KEY `idx_created_at` (`created_at`);

--
-- Indexes for table `staff_users`
--
ALTER TABLE `staff_users`
  ADD PRIMARY KEY (`username`),
  ADD KEY `idx_username` (`username`),
  ADD KEY `idx_is_active` (`is_active`);

--
-- AUTO_INCREMENT for dumped tables
--

--
-- AUTO_INCREMENT for table `attendance_records`
--
ALTER TABLE `attendance_records`
  MODIFY `record_id` int(11) NOT NULL AUTO_INCREMENT, AUTO_INCREMENT=145;

--
-- AUTO_INCREMENT for table `employees`
--
ALTER TABLE `employees`
  MODIFY `employee_id` int(11) NOT NULL AUTO_INCREMENT, AUTO_INCREMENT=10017;

--
-- Constraints for dumped tables
--

--
-- Constraints for table `attendance_records`
--
ALTER TABLE `attendance_records`
  ADD CONSTRAINT `attendance_records_ibfk_1` FOREIGN KEY (`employee_id`) REFERENCES `employees` (`employee_id`) ON DELETE CASCADE;
COMMIT;

/*!40101 SET CHARACTER_SET_CLIENT=@OLD_CHARACTER_SET_CLIENT */;
/*!40101 SET CHARACTER_SET_RESULTS=@OLD_CHARACTER_SET_RESULTS */;
/*!40101 SET COLLATION_CONNECTION=@OLD_COLLATION_CONNECTION */;
